{"IcoMoonType":"selection","icons":[{"icon":{"paths":["M731.429 799.429c0 83.429-54.857 151.429-121.714 151.429h-488c-66.857 0-121.714-68-121.714-151.429 0-150.286 37.143-324 186.857-324 46.286 45.143 109.143 73.143 178.857 73.143s132.571-28 178.857-73.143c149.714 0 186.857 173.714 186.857 324zM585.143 292.571c0 121.143-98.286 219.429-219.429 219.429s-219.429-98.286-219.429-219.429 98.286-219.429 219.429-219.429 219.429 98.286 219.429 219.429z"],"width":731.4285714285713,"attrs":[],"isMulticolor":false,"isMulticolor2":false,"tags":["user"],"defaultCode":61447,"grid":32},"attrs":[],"properties":{"name":"user","id":11,"order":5,"prevSize":28,"code":61447},"setIdx":0,"setId":0,"iconIdx":11},{"icon":{"paths":["M365.714 877.714c0 40-33.143 73.143-73.143 73.143s-73.143-33.143-73.143-73.143 33.143-73.143 73.143-73.143 73.143 33.143 73.143 73.143zM877.714 877.714c0 40-33.143 73.143-73.143 73.143s-73.143-33.143-73.143-73.143 33.143-73.143 73.143-73.143 73.143 33.143 73.143 73.143zM950.857 256v292.571c0 18.286-14.286 34.286-32.571 36.571l-596.571 69.714c2.857 13.143 7.429 26.286 7.429 40 0 13.143-8 25.143-13.714 36.571h525.714c20 0 36.571 16.571 36.571 36.571s-16.571 36.571-36.571 36.571h-585.143c-20 0-36.571-16.571-36.571-36.571 0-17.714 25.714-60.571 34.857-78.286l-101.143-470.286h-116.571c-20 0-36.571-16.571-36.571-36.571s16.571-36.571 36.571-36.571h146.286c38.286 0 39.429 45.714 45.143 73.143h686.286c20 0 36.571 16.571 36.571 36.571z"],"width":950.8571428571428,"attrs":[],"isMulticolor":false,"isMulticolor2":false,"tags":["shopping-cart"],"defaultCode":61562,"grid":32},"attrs":[],"properties":{"name":"shopping-cart","id":116,"order":4,"prevSize":28,"code":61562},"setIdx":0,"setId":0,"iconIdx":116},{"icon":{"paths":["M676.571 512c0 9.714-4 18.857-10.857 25.714l-310.857 310.857c-6.857 6.857-16 10.857-25.714 10.857-20 0-36.571-16.571-36.571-36.571v-164.571h-256c-20 0-36.571-16.571-36.571-36.571v-219.429c0-20 16.571-36.571 36.571-36.571h256v-164.571c0-20 16.571-36.571 36.571-36.571 9.714 0 18.857 4 25.714 10.857l310.857 310.857c6.857 6.857 10.857 16 10.857 25.714zM877.714 310.857v402.286c0 90.857-73.714 164.571-164.571 164.571h-182.857c-9.714 0-18.286-8.571-18.286-18.286 0-16-7.429-54.857 18.286-54.857h182.857c50.286 0 91.429-41.143 91.429-91.429v-402.286c0-50.286-41.143-91.429-91.429-91.429h-164.571c-14.286 0-36.571 2.857-36.571-18.286 0-16-7.429-54.857 18.286-54.857h182.857c90.857 0 164.571 73.714 164.571 164.571z"],"width":877.7142857142857,"attrs":[],"isMulticolor":false,"isMulticolor2":false,"tags":["sign-in"],"defaultCode":61584,"grid":32},"attrs":[],"properties":{"name":"sign-in","id":136,"order":3,"prevSize":28,"code":61584},"setIdx":0,"setId":0,"iconIdx":136}],"height":1024,"metadata":{"name":"icomoon"},"preferences":{"showGlyphs":true,"showCodes":true,"showQuickUse":true,"showQuickUse2":true,"showSVGs":true,"fontPref":{"prefix":"icon-","metadata":{"fontFamily":"icomoon"},"metrics":{"emSize":1024,"baseline":6.25,"whitespace":50},"embed":false,"resetPoint":59648},"imagePref":{"prefix":"icon-","png":true,"useClassSelector":true,"color":0,"bgColor":16777215},"historySize":50,"gridSize":16,"showGrid":false}}